id,title,score,num_comments,author,created_utc,url,over_18,edited,spoiler,stickied
1q76dne,Tuladan Ceremony of a Malla Prince (1664),84,25,gorekass,2026-01-08 08:22:38,https://www.reddit.com/gallery/1q76dne,False,False,False,False
1q76nb6,Why do Nepalis outside of Nepal only hang out with other nepalis?,45,65,tophendra,2026-01-08 08:39:31,https://www.reddit.com/r/Nepal/comments/1q76nb6/why_do_nepalis_outside_of_nepal_only_hang_out/,False,False,False,False
1q77nuu,My friend in Nepal is fighting Uterine Cancer. You can help her.,33,1,ongoingrevolution,2026-01-08 09:44:30,https://www.reddit.com/r/Nepal/comments/1q77nuu/my_friend_in_nepal_is_fighting_uterine_cancer_you/,False,False,False,False
1q7b39f,Upper Pisang to Manang: arriving at Ghyaru village on the Annapurna Circuit,21,3,nepalhikingteam,2026-01-08 12:56:49,https://v.redd.it/npfjzdyuh4cg1,False,False,False,False
1q7fd1r,lets hear everyone's opinion on the chaos of Nepali Congress,17,19,onlyfactos,2026-01-08 15:52:58,https://i.redd.it/d00js6j9c5cg1.png,False,False,False,False
1q750yg,Nepali haru alxi hunchan ?,12,27,Accomplished_Log9580,2026-01-08 06:59:50,https://www.reddit.com/r/Nepal/comments/1q750yg/nepali_haru_alxi_hunchan/,False,False,False,False
1q79j0r,Anyone in KTM who wants a kitten,8,2,Kaif987,2026-01-08 11:36:23,https://www.reddit.com/gallery/1q79j0r,False,False,False,False
1q765ge,Need dentists’ opinions: crown on upper second molar with impacted wisdom tooth behind it.,8,4,girl_004,2026-01-08 08:08:35,https://i.redd.it/nneyc7kk23cg1.jpeg,False,False,False,False
1q7f79x,Stuck Between Big Dreams and a Normal Life,5,3,Moist_Tumbleweed1998,2026-01-08 15:46:53,https://www.reddit.com/r/Nepal/comments/1q7f79x/stuck_between_big_dreams_and_a_normal_life/,False,False,False,False
1q7nvn5,"Are Thakuris in Nepal really Khas, or is this just a LARP?",4,16,ResultSensitive5695,2026-01-08 21:01:06,https://www.reddit.com/r/Nepal/comments/1q7nvn5/are_thakuris_in_nepal_really_khas_or_is_this_just/,False,False,False,False
1q7hugz,Where can I buy this biscuit in Kathmandu?,3,4,ace_itachi123,2026-01-08 17:24:07,https://i.redd.it/jdg7wbf4t5cg1.png,False,False,False,False
1q74nt0,"If you have a foreign-affiliated degree equivalent to TU, is there a chance of getting a government job?",5,1,Keshavdev06,2026-01-08 06:39:05,https://www.reddit.com/r/Nepal/comments/1q74nt0/if_you_have_a_foreignaffiliated_degree_equivalent/,False,False,False,False
1q73icf,Is there a market gap for second hand marketplace in Nepal?,3,2,nameisnotimportant--,2026-01-08 05:36:06,https://www.reddit.com/r/Nepal/comments/1q73icf/is_there_a_market_gap_for_second_hand_marketplace/,False,False,False,False
1q7f202,Where can I get urgent oncology care in Kathmandu for my mom?,3,4,khaithahchaina,2026-01-08 15:41:25,https://www.reddit.com/r/Nepal/comments/1q7f202/where_can_i_get_urgent_oncology_care_in_kathmandu/,False,False,False,False
1q79t5w,About Birthday gift for friend,3,3,Striking-Tangelo-774,2026-01-08 11:51:36,https://www.reddit.com/r/Nepal/comments/1q79t5w/about_birthday_gift_for_friend/,False,False,False,False
1q73uip,Family in trouble due to forgetting about business PAN,3,3,Mobile_Relief5156,2026-01-08 05:54:07,https://www.reddit.com/r/Nepal/comments/1q73uip/family_in_trouble_due_to_forgetting_about/,False,False,False,False
1q7uapy,Your favourite Nepali dishes?,2,8,ska13s,2026-01-09 01:14:31,https://www.reddit.com/r/Nepal/comments/1q7uapy/your_favourite_nepali_dishes/,False,False,False,False
1q7g9rl,Can I use my regular Chase Debit card to get cash?,2,4,Sea-Lie-9697,2026-01-08 16:26:43,https://www.reddit.com/r/Nepal/comments/1q7g9rl/can_i_use_my_regular_chase_debit_card_to_get_cash/,False,False,False,False
1q7bbjp,Where can I find this jacket?(5k max),2,3,nothing_00000000,2026-01-08 13:07:25,https://i.redd.it/p1bebc2wj4cg1.jpeg,False,False,False,False
1q78yma,"Nothing beats the sight of freshly sifted ""Black Gold."" 100% organic, chemical-free",2,2,hrssGlobal,2026-01-08 11:03:15,https://v.redd.it/4kgsdobqx3cg1,False,False,False,False
1q760wg,Band khoji for birthday party gig,2,5,Recent-Brilliant-123,2026-01-08 08:00:51,https://www.reddit.com/r/Nepal/comments/1q760wg/band_khoji_for_birthday_party_gig/,False,False,False,False
1q75h51,Where can I buy comic books?,2,0,Medical-Gas1292,2026-01-08 07:26:32,https://www.reddit.com/r/Nepal/comments/1q75h51/where_can_i_buy_comic_books/,False,False,False,False
1q755wp,Flying drone in rara lake area,2,1,Low_Elk8652,2026-01-08 07:07:33,https://www.reddit.com/r/Nepal/comments/1q755wp/flying_drone_in_rara_lake_area/,False,False,False,False
1q74wwd,Want to go to Chandragiri by hiking,2,6,Suspicious_Noise6331,2026-01-08 06:53:13,https://www.reddit.com/r/Nepal/comments/1q74wwd/want_to_go_to_chandragiri_by_hiking/,False,False,False,False
1q73ux3,Review regarding Himalayan Bullion Company,2,0,Warm_Passion2464,2026-01-08 05:54:46,https://www.reddit.com/r/Nepal/comments/1q73ux3/review_regarding_himalayan_bullion_company/,False,False,False,False
1q7meyl,Nightlife / pubs in Nepal,1,2,404_sb,2026-01-08 20:06:39,https://www.reddit.com/r/Nepal/comments/1q7meyl/nightlife_pubs_in_nepal/,False,False,False,False
1q7kgkv,Where can i sell my laptop in nepal?,1,3,Negative_Battle_1511,2026-01-08 18:56:05,https://www.reddit.com/r/Nepal/comments/1q7kgkv/where_can_i_sell_my_laptop_in_nepal/,False,False,False,False
1q7i5go,what is it with people who are already employed and financially stable,1,1,Long-Door-2150,2026-01-08 17:34:56,https://www.reddit.com/r/Nepal/comments/1q7i5go/what_is_it_with_people_who_are_already_employed/,False,False,False,False
1q7fel9,Is SEO worth learning? Best place to learn SEO Near butwal/bhairahawa?,1,0,jodeepbanjade,2026-01-08 15:54:32,https://www.reddit.com/r/Nepal/comments/1q7fel9/is_seo_worth_learning_best_place_to_learn_seo/,False,False,False,False
1q7cxx5,"Experienced Bike/Scooter Riders of Kathmandu, How do I ride properly?",1,3,Old-Tear-4509,2026-01-08 14:17:50,https://www.reddit.com/r/Nepal/comments/1q7cxx5/experienced_bikescooter_riders_of_kathmandu_how/,False,False,False,False
1q79qig,Restaurant recommendations around Jhamsikhel,1,0,AdReasonable3541,2026-01-08 11:47:42,https://www.reddit.com/r/Nepal/comments/1q79qig/restaurant_recommendations_around_jhamsikhel/,False,False,False,False
1q79h58,How to slow attachment in a healthy way?,1,3,CelebrationTop8150,2026-01-08 11:33:23,https://www.reddit.com/r/Nepal/comments/1q79h58/how_to_slow_attachment_in_a_healthy_way/,False,False,False,False
1q799ml,Cafe or restaurant business,1,0,Eastern-Conference86,2026-01-08 11:21:10,https://www.reddit.com/r/Nepal/comments/1q799ml/cafe_or_restaurant_business/,False,False,False,False
1q78uge,nit-picky corporate offices,1,0,talestattler,2026-01-08 10:56:57,https://www.reddit.com/r/Nepal/comments/1q78uge/nitpicky_corporate_offices/,False,False,False,False
1q78qd5,Released my first original song — feedback appreciated,1,1,BornStaff3341,2026-01-08 10:50:06,https://www.reddit.com/r/Nepal/comments/1q78qd5/released_my_first_original_song_feedback/,False,False,False,False
1q78i89,Anyone in Nepal trading or learning trading?,1,8,blck_mirror,2026-01-08 10:36:08,https://www.reddit.com/r/Nepal/comments/1q78i89/anyone_in_nepal_trading_or_learning_trading/,False,False,False,False
1q779ar,International travel card,1,4,GodAwakenned,2026-01-08 09:18:33,https://www.reddit.com/r/Nepal/comments/1q779ar/international_travel_card/,False,False,False,False
1q73ud2,2 days in kathmandu Suggestions please?,1,6,Suspicious_Noise6331,2026-01-08 05:53:53,https://www.reddit.com/r/Nepal/comments/1q73ud2/2_days_in_kathmandu_suggestions_please/,False,False,False,False
1q74pht,"Saw this in X “US regime change front funded Nepalese youth revolutionaries, leaks reveal”",0,27,codingfr3ak,2026-01-08 06:41:39,https://www.reddit.com/r/Nepal/comments/1q74pht/saw_this_in_x_us_regime_change_front_funded/,False,False,False,False
1q7c86z,"Serious Question: Balen, Gen Z protest ma lukera baseko manche lai kina maidan ma uthauchau jabarjasti?",0,5,Sensitive_Archer_687,2026-01-08 13:47:43,https://www.reddit.com/r/Nepal/comments/1q7c86z/serious_question_balen_gen_z_protest_ma_lukera/,False,False,False,False
